Reference, Value, Footprint, Datasheet, Digikey_Number, Manu_Name, Manu_Number
"J11","Conn_01x14_Male","Connector_PinHeader_2.54mm:PinHeader_1x14_P2.54mm_Vertical","~"
"J12","Conn_01x14_Male","Connector_PinHeader_2.54mm:PinHeader_1x14_P2.54mm_Vertical","~"
"R6","20k","Resistor_SMD:R_0603_1608Metric","~","RNCP0603FTD20K0CT-ND","Stackpole Electronics Inc","RNCP0603FTD20K0"
"R5","20k","Resistor_SMD:R_0603_1608Metric","~","RNCP0603FTD20K0CT-ND","Stackpole Electronics Inc","RNCP0603FTD20K0"
"R12","20k","Resistor_SMD:R_0603_1608Metric","~","RNCP0603FTD20K0CT-ND","Stackpole Electronics Inc","RNCP0603FTD20K0"
"R11","20k","Resistor_SMD:R_0603_1608Metric","~","RNCP0603FTD20K0CT-ND","Stackpole Electronics Inc","RNCP0603FTD20K0"
"R4","20k","Resistor_SMD:R_0603_1608Metric","~","RNCP0603FTD20K0CT-ND","Stackpole Electronics Inc","RNCP0603FTD20K0"
"R3","20k","Resistor_SMD:R_0603_1608Metric","~","RNCP0603FTD20K0CT-ND","Stackpole Electronics Inc","RNCP0603FTD20K0"
"R10","20k","Resistor_SMD:R_0603_1608Metric","~","RNCP0603FTD20K0CT-ND","Stackpole Electronics Inc","RNCP0603FTD20K0"
"R9","20k","Resistor_SMD:R_0603_1608Metric","~","RNCP0603FTD20K0CT-ND","Stackpole Electronics Inc","RNCP0603FTD20K0"
"R2","20k","Resistor_SMD:R_0603_1608Metric","~","RNCP0603FTD20K0CT-ND","Stackpole Electronics Inc","RNCP0603FTD20K0"
"R1","20k","Resistor_SMD:R_0603_1608Metric","~","RNCP0603FTD20K0CT-ND","Stackpole Electronics Inc","RNCP0603FTD20K0"
"R8","20k","Resistor_SMD:R_0603_1608Metric","~","RNCP0603FTD20K0CT-ND","Stackpole Electronics Inc","RNCP0603FTD20K0"
"R7","20k","Resistor_SMD:R_0603_1608Metric","~","RNCP0603FTD20K0CT-ND","Stackpole Electronics Inc","RNCP0603FTD20K0"
"C20","3.3uF","Capacitor_SMD:CP_Elec_4x5.4","~","493-17493-1-ND","Nichicon","UUQ1H3R3MCL1GB"
"R18","20k","Resistor_SMD:R_0603_1608Metric","~","RNCP0603FTD20K0CT-ND","Stackpole Electronics Inc","RNCP0603FTD20K0"
"R17","20k","Resistor_SMD:R_0603_1608Metric","~","RNCP0603FTD20K0CT-ND","Stackpole Electronics Inc","RNCP0603FTD20K0"
"R24","20k","Resistor_SMD:R_0603_1608Metric","~","RNCP0603FTD20K0CT-ND","Stackpole Electronics Inc","RNCP0603FTD20K0"
"R23","20k","Resistor_SMD:R_0603_1608Metric","~","RNCP0603FTD20K0CT-ND","Stackpole Electronics Inc","RNCP0603FTD20K0"
"R16","20k","Resistor_SMD:R_0603_1608Metric","~","RNCP0603FTD20K0CT-ND","Stackpole Electronics Inc","RNCP0603FTD20K0"
"R15","20k","Resistor_SMD:R_0603_1608Metric","~","RNCP0603FTD20K0CT-ND","Stackpole Electronics Inc","RNCP0603FTD20K0"
"R22","20k","Resistor_SMD:R_0603_1608Metric","~","RNCP0603FTD20K0CT-ND","Stackpole Electronics Inc","RNCP0603FTD20K0"
"R21","20k","Resistor_SMD:R_0603_1608Metric","~","RNCP0603FTD20K0CT-ND","Stackpole Electronics Inc","RNCP0603FTD20K0"
"R14","20k","Resistor_SMD:R_0603_1608Metric","~","RNCP0603FTD20K0CT-ND","Stackpole Electronics Inc","RNCP0603FTD20K0"
"R13","20k","Resistor_SMD:R_0603_1608Metric","~","RNCP0603FTD20K0CT-ND","Stackpole Electronics Inc","RNCP0603FTD20K0"
"R20","20k","Resistor_SMD:R_0603_1608Metric","~","RNCP0603FTD20K0CT-ND","Stackpole Electronics Inc","RNCP0603FTD20K0"
"R19","20k","Resistor_SMD:R_0603_1608Metric","~","RNCP0603FTD20K0CT-ND","Stackpole Electronics Inc","RNCP0603FTD20K0"
"C3","100uF","Capacitor_SMD:CP_Elec_6.3x5.4_Nichicon","~","493-16090-1-ND","Nichicon","UUQ0J101MCL1GB"
"J13","Conn_01x04","Connector_PinHeader_2.54mm:PinHeader_1x04_P2.54mm_Horizontal","~"
"J14","Conn_01x04","Connector_PinHeader_2.54mm:PinHeader_1x04_P2.54mm_Horizontal","~"
"C4","100uF","Capacitor_SMD:CP_Elec_6.3x5.4_Nichicon","~","493-16090-1-ND","Nichicon","UUQ0J101MCL1GB"
"C2","100uF","Capacitor_SMD:CP_Elec_6.3x5.4_Nichicon","~","493-16090-1-ND","Nichicon","UUQ0J101MCL1GB"
"C1","100uF","Capacitor_SMD:CP_Elec_6.3x5.4_Nichicon","~","493-16090-1-ND","Nichicon","UUQ0J101MCL1GB"
"C11","100uF","Capacitor_SMD:CP_Elec_6.3x5.4_Nichicon","~","493-16090-1-ND","Nichicon","UUQ0J101MCL1GB"
"C12","100uF","Capacitor_SMD:CP_Elec_6.3x5.4_Nichicon","~","493-16090-1-ND","Nichicon","UUQ0J101MCL1GB"
"C13","100uF","Capacitor_SMD:CP_Elec_6.3x5.4_Nichicon","~","493-16090-1-ND","Nichicon","UUQ0J101MCL1GB"
"C14","100uF","Capacitor_SMD:CP_Elec_6.3x5.4_Nichicon","~","493-16090-1-ND","Nichicon","UUQ0J101MCL1GB"
"C19","3.3uF","Capacitor_SMD:CP_Elec_4x5.4","~","493-17493-1-ND","Nichicon","UUQ1H3R3MCL1GB"
"C18","3.3uF","Capacitor_SMD:CP_Elec_4x5.4","~","493-17493-1-ND","Nichicon","UUQ1H3R3MCL1GB"
"C17","3.3uF","Capacitor_SMD:CP_Elec_4x5.4","~","493-17493-1-ND","Nichicon","UUQ1H3R3MCL1GB"
"C16","3.3uF","Capacitor_SMD:CP_Elec_4x5.4","~","493-17493-1-ND","Nichicon","UUQ1H3R3MCL1GB"
"C15","3.3uF","Capacitor_SMD:CP_Elec_4x5.4","~","493-17493-1-ND","Nichicon","UUQ1H3R3MCL1GB"
"C10","3.3uF","Capacitor_SMD:CP_Elec_4x5.4","~","493-17493-1-ND","Nichicon","UUQ1H3R3MCL1GB"
"C9","3.3uF","Capacitor_SMD:CP_Elec_4x5.4","~","493-17493-1-ND","Nichicon","UUQ1H3R3MCL1GB"
"C8","3.3uF","Capacitor_SMD:CP_Elec_4x5.4","~","493-17493-1-ND","Nichicon","UUQ1H3R3MCL1GB"
"C7","3.3uF","Capacitor_SMD:CP_Elec_4x5.4","~","493-17493-1-ND","Nichicon","UUQ1H3R3MCL1GB"
"C6","3.3uF","Capacitor_SMD:CP_Elec_4x5.4","~","493-17493-1-ND","Nichicon","UUQ1H3R3MCL1GB"
"C5","3.3uF","Capacitor_SMD:CP_Elec_4x5.4","~","493-17493-1-ND","Nichicon","UUQ1H3R3MCL1GB"
"U1","LM1085","Package_TO_SOT_SMD:TO-263-3_TabPin2","","296-35391-1-ND","Texas Instruments","LM1085ISX-5.0/NOPB"
"C21","10uF","Capacitor_SMD:CP_Elec_4x5.4","~","493-14558-1-ND","Nichicon","UUQ11C100MCL1GB"
"C22","10uF","Capacitor_SMD:CP_Elec_4x5.4","~","493-14558-1-ND","Nichicon","UUQ11C100MCL1GB"
"R38","2k","Resistor_SMD:R_0603_1608Metric","~","RNCP0603FTD2K00CT-ND","Stackpole Electronics Inc","RNCP0603FTD2K00"
"R37","2k","Resistor_SMD:R_0603_1608Metric","~","RNCP0603FTD2K00CT-ND","Stackpole Electronics Inc","RNCP0603FTD2K00"
"R36","2k","Resistor_SMD:R_0603_1608Metric","~","RNCP0603FTD2K00CT-ND","Stackpole Electronics Inc","RNCP0603FTD2K00"
"R35","2k","Resistor_SMD:R_0603_1608Metric","~","RNCP0603FTD2K00CT-ND","Stackpole Electronics Inc","RNCP0603FTD2K00"
"R34","2k","Resistor_SMD:R_0603_1608Metric","~","RNCP0603FTD2K00CT-ND","Stackpole Electronics Inc","RNCP0603FTD2K00"
"R33","2k","Resistor_SMD:R_0603_1608Metric","~","RNCP0603FTD2K00CT-ND","Stackpole Electronics Inc","RNCP0603FTD2K00"
"R28","2k","Resistor_SMD:R_0603_1608Metric","~","RNCP0603FTD2K00CT-ND","Stackpole Electronics Inc","RNCP0603FTD2K00"
"R27","2k","Resistor_SMD:R_0603_1608Metric","~","RNCP0603FTD2K00CT-ND","Stackpole Electronics Inc","RNCP0603FTD2K00"
"R30","2k","Resistor_SMD:R_0603_1608Metric","~","RNCP0603FTD2K00CT-ND","Stackpole Electronics Inc","RNCP0603FTD2K00"
"R29","2k","Resistor_SMD:R_0603_1608Metric","~","RNCP0603FTD2K00CT-ND","Stackpole Electronics Inc","RNCP0603FTD2K00"
"R32","2k","Resistor_SMD:R_0603_1608Metric","~","RNCP0603FTD2K00CT-ND","Stackpole Electronics Inc","RNCP0603FTD2K00"
"R31","2k","Resistor_SMD:R_0603_1608Metric","~","RNCP0603FTD2K00CT-ND","Stackpole Electronics Inc","RNCP0603FTD2K00"
"R25","2k","Resistor_SMD:R_0603_1608Metric","~","RNCP0603FTD2K00CT-ND","Stackpole Electronics Inc","RNCP0603FTD2K00"
"R26","2k","Resistor_SMD:R_0603_1608Metric","~","RNCP0603FTD2K00CT-ND","Stackpole Electronics Inc","RNCP0603FTD2K00"
"C23","100uF","Capacitor_SMD:CP_Elec_6.3x5.4_Nichicon","~","493-16090-1-ND","Nichicon","UUQ0J101MCL1GB"
"C24","100uF","Capacitor_SMD:CP_Elec_6.3x5.4_Nichicon","~","493-16090-1-ND","Nichicon","UUQ0J101MCL1GB"
"J4","AudioJack3_Ground_Switch","Footprints:SJ2-3593D-SMT-TR","~","CP-SJ2-3593D-SMT-CT-ND","CUI Devices","SJ2-3593D-SMT-TR"
"J5","AudioJack3_Ground_Switch","Footprints:SJ2-3593D-SMT-TR","~","CP-SJ2-3593D-SMT-CT-ND","CUI Devices","SJ2-3593D-SMT-TR"
"J6","AudioJack3_Ground_Switch","Footprints:SJ2-3593D-SMT-TR","~","CP-SJ2-3593D-SMT-CT-ND","CUI Devices","SJ2-3593D-SMT-TR"
"J3","AudioJack3_Ground_Switch","Footprints:SJ2-3593D-SMT-TR","~","CP-SJ2-3593D-SMT-CT-ND","CUI Devices","SJ2-3593D-SMT-TR"
"J2","AudioJack3_Ground_Switch","Footprints:SJ2-3593D-SMT-TR","~","CP-SJ2-3593D-SMT-CT-ND","CUI Devices","SJ2-3593D-SMT-TR"
"J1","AudioJack3_Ground_Switch","Footprints:SJ2-3593D-SMT-TR","~","CP-SJ2-3593D-SMT-CT-ND","CUI Devices","SJ2-3593D-SMT-TR"
"J7","AudioJack3_Ground_Switch","Footprints:SJ2-3593D-SMT-TR","~","CP-SJ2-3593D-SMT-CT-ND","CUI Devices","SJ2-3593D-SMT-TR"
"J8","AudioJack3_Ground_Switch","Footprints:SJ2-3593D-SMT-TR","~","CP-SJ2-3593D-SMT-CT-ND","CUI Devices","SJ2-3593D-SMT-TR"
"J10","AudioJack3_Ground_Switch","Footprints:SJ2-3593D-SMT-TR","~","CP-SJ2-3593D-SMT-CT-ND","CUI Devices","SJ2-3593D-SMT-TR"
"J9","AudioJack3_Ground_Switch","Footprints:SJ2-3593D-SMT-TR","~","CP-SJ2-3593D-SMT-CT-ND","CUI Devices","SJ2-3593D-SMT-TR"
"R42","20k","Resistor_SMD:R_0603_1608Metric","~","RNCP0603FTD20K0CT-ND","Stackpole Electronics Inc","RNCP0603FTD20K0"
"R44","20k","Resistor_SMD:R_0603_1608Metric","~","RNCP0603FTD20K0CT-ND","Stackpole Electronics Inc","RNCP0603FTD20K0"
"R39","20k","Resistor_SMD:R_0603_1608Metric","~","RNCP0603FTD20K0CT-ND","Stackpole Electronics Inc","RNCP0603FTD20K0"
"R43","20k","Resistor_SMD:R_0603_1608Metric","~","RNCP0603FTD20K0CT-ND","Stackpole Electronics Inc","RNCP0603FTD20K0"
"R40","20k","Resistor_SMD:R_0603_1608Metric","~","RNCP0603FTD20K0CT-ND","Stackpole Electronics Inc","RNCP0603FTD20K0"
"R41","20k","Resistor_SMD:R_0603_1608Metric","~","RNCP0603FTD20K0CT-ND","Stackpole Electronics Inc","RNCP0603FTD20K0"
"J15","6.5 - 20v","Footprints:PJ-063AH","~","CP-063AH-ND","CUI Devices","PJ-063AH"
